name,views,likes,comments,shares,bookmarks,watchedFullVideo,newFollowers,length,category,subject,hasCover,hasDescription,reply,male,female,18-24,25-34,35-44,45-54,55+
Mac mini m1 my first desktop,917,24,2,0,1,41.18,0,6.78,tech,mac,0,1,0,,,,,,,
Left over ramen,1557,4,0,0,0,22.13,0,72,food,ramen,0,1,0,,,,,,,
Never Going back into Office.,1511,12,2,0,0,61.12,0,9.7,humor,office,0,1,0,,,,,,,
Never Going back into office,249,11,2,0,1,41.61,0,11.49,humor,office,0,1,0,,,,,,,
Animal crossing,217,4,0,0,0,29.49,0,14.16,videoGame,animal crossing,0,1,0,,,,,,,
Lucky to have gotten art,200,7,0,0,0,9.91,0,29.81,home,office,1,1,0,,,,,,,
How to buy first house in Texas with FHA and DPA,1117,78,4,7,15,12.82,0,58.58,info,home,1,1,0,,,,,,,
Paint time,229,3,1,0,0,9.02,0,44.6,home,paint,0,1,0,,,,,,,
Reply to Sammy,236,6,4,0,0,3.5,0,57.91,info,software,0,1,1,,,,,,,
Example of Software Engineering,2220,243,8,10,32,19.33,0,57.63,info,software,1,1,0,,,,,,,
New Reading Lamp for Studying,472,26,1,1,2,5.56,0,31.3,tech,office,1,1,0,,,,,,,
What Scholarships to Look For,484,20,4,0,5,4.6,0,58.74,info,scholarships,1,1,0,,,,,,,
What Language do I use at Work,265,27,3,0,0,0,0,0,info,software,1,1,0,,,,,,,
 first time home buyer,2818,45,4,1,0,0,0,0,home,home,1,1,0,,,,,,,
Reply Josh Data Analytics,12700,1052,46,100,228,10.35,0,55.8,info,data analytics,1,1,1,,,,,,,
What is Devops and what do you do?,3444,143,8,14,19,16.82,0,55.61,info,devops,1,1,0,,,,,,,
What do I recommend for DevOps,1816,114,4,12,31,3.87,0,57.07,info,devops,1,1,0,,,,,,,
Reply Vid4 Data Analytics,546,26,6,2,1,5.2,0,55.45,info,data analytics,1,1,1,,,,,,,
Reply Which Course Data Analytics,5064,309,5,25,89,9.3,0,56.63,info,data analytics,1,1,1,,,,,,,
Reply Matthews Joy Diff Data Analytics Data Analyst,500,43,2,1,4,12.89,0,56.17,info,data analytics,1,1,1,,,,,,,
Repyl what data homework,486,22,0,2,2,5.41,0,58,tutorial,data analytics,1,1,1,,,,,,,
Reply amiro strong math background for data analytics,360,28,2,0,0,5.5,0,53,info,data analytics,1,1,1,,,,,,,
Reply degree data science?,290,25,3,0,1,0,0,53,info,data analytics,1,1,1,,,,,,,
Reply what think about trilogy bootcamp,186,7,4,0,0,0,0,53,opinion,data analytics,1,1,1,,,,,,,
wlb,502,54,5,0,4,0,0,53,advice,career,1,1,0,,,,,,,
Reply wayoflao comment,237,18,4,0,0,0,0,42.81,info,career,0,1,1,,,,,,,
Reply good for juniors,235,16,1,0,1,3.6,0,52.03,info,career,0,1,1,,,,,,,
Its fine to go into tech for $,5110,968,67,39,98,19.05,0,55.77,opinion,career,1,1,0,,,,,,,
three body problem,2959,104,13,2,8,5.16,0,56.1,opinion,book,1,1,0,,,,,,,
Honest question,337,29,3,1,1,0,0,56.17,opinion,career,0,1,1,,,,,,,
What about degree information?,1570,43,5,1,10,7.5,0,52.38,info,career,0,1,1,,,,,,,
What about program mgmt,233,12,3,0,1,0,0,46.83,info,career,0,1,1,,,,,,,
ROI,296,49,13,0,0,20.24,0,56.53,info,career,1,1,0,,,,,,,
Duet data analytis,88,10,3,2,1,0,0,24.61,opinion,data analytics,0,1,1,,,,,,,
Security now,202,14,2,0,0,0,0,46,opinion,cyber security,0,1,1,,,,,,,
access to people,281,26,6,0,4,0,0,56.77,opinion,career,1,1,0,,,,,,,
bootcamp and 4yr degree,215,15,5,1,1,0,0,49.71,info,career,1,1,0,,,,,,,
Big tip blog,436,56,5,3,8,0,0,56.63,opinion,career,1,1,0,,,,,,,
Retrofitting ,254,23,4,0,0,0,0,55.24,opinion,career,1,1,0,,,,,,,
Website for learning,250,12,2,2,0,0,0,42.77,info,data analytics,1,1,0,,,,,,,
Basic portfolio website,427,46,9,2,9,7.25,0,56.38,info,software,1,1,0,,,,,,,
get back to studying,126,7,4,0,0,0,0,3.19,humor,career,0,1,0,,,,,,,
netlify blog set up,65,3,2,1,0,0,0,53.64,tutorial,software,1,1,0,,,,,,,
High paying job,3975,388,17,19,64,0,0,53.45,info,career,1,1,0,,,,,,,
Know where recruiters are ,256,13,3,0,2,0,0,12,info,career,0,1,1,,,,,,,
How to network,275,13,5,0,0,0,0,13,info,career,0,1,1,,,,,,,
Student seeking internship,248,9,3,0,1,0,0,13,info,software,0,1,1,,,,,,,
Don't need k8s,109,2,1,0,0,0,0,4,opinion,devops,0,1,0,,,,,,,
what is better programming or cert?,308,6,3,0,0,0,0,11.45,info,career,0,1,1,,,,,,,
maintainability more important,282,7,1,0,0,0,0,5,opinion,software,0,1,0,,,,,,,
gatekeeping in tech,357,20,1,0,0,0,0,10.38,opinion,career,0,1,0,,,,,,,
solve cves,237,6,1,0,0,0,0,7.75,humor,cyber security,0,1,0,,,,,,,
find conventions,284,12,2,0,1,0,0,14,info,career,0,1,1,,,,,,,
python better than cloud architecture,243,15,3,0,0,0,0,48,info,software,0,1,1,,,,,,,
only pOc,553,21,10,0,0,27.97,0,8.17,humor,devops,1,1,0,,,,,,,
improve learning,304,29,1,0,4,0,0,54.98,info,learning,1,1,0,,,,,,,
avoid jobs,458,29,4,1,1,0,0,51,opinion,career,1,1,0,,,,,,,
Data analytics is ,2263,69,8,0,3,0,0,5.18,info,data analytics,1,1,0,,,,,,,
what roles out of office work hours,254,10,1,0,1,0,0,30.46,info,career,0,1,1,,,,,,,
College?,428,37,10,0,1,9.07,0,56.98,info,career,1,1,1,,,,,,,
avoid any languages?,295,17,3,0,0,3.72,0,57,info,software,0,1,1,,,,,,,
A's since high school,405,38,5,2,0,0,0,10.47,humor,software,1,1,0,,,,,,,
Doing hw ,2312,111,16,6,2,0,0,5.64,humor,software,1,1,0,,,,,,,
college location,352,23,1,0,1,3.81,0,29.91,info,career,0,1,1,,,,,,,
php?,275,9,1,0,0,0,0,12.44,info,software,0,1,1,,,,,,,
masters degree?,279,12,3,0,0,0,0,27.21,info,career,0,1,1,,,,,,,
data analytics job?,331,18,4,0,1,0,0,31.07,info,data analytics,0,1,1,,,,,,,
hackathons?,296,15,2,0,0,0,0,22.92,info,career,0,1,1,,,,,,,
dev devops joke,427,23,3,0,1,0,0,9.56,humor,devops ,1,1,0,,,,,,,
not adding tests,258,13,3,0,0,0,0,6,humor,software,1,1,0,,,,,,,
machine learning joke,10700,322,5,2,14,49.35,0,10.63,humor,data analytics,1,1,0,,,,,,,
data scientist ,2473,84,8,1,6,0,0,5.9,humor,data analytics,1,1,1,,,,,,,
web inspector,546,28,3,0,1,30.78,0,8.91,humor,software,1,1,1,,,,,,,
have fundamentals,328,10,3,0,0,0,0,29.74,info,career,0,1,0,,,,,,,
undergrad prestige,411,34,4,1,1,10.68,0,58.3,info,career,0,1,1,,,,,,,
easy exam,706,14,3,1,0,49,0,4.34,humor,college,1,1,0,,,,,,,
college conferences,304,12,1,1,1,0,0,4.9,humor,software,1,1,0,,,,,,,
weed out classes,708,39,7,1,3,32.94,0,13.19,humor,software,1,1,0,,,,,,,
FAANG data interview,1965,46,1,0,1,28.8,0,10.59,humor,data analytics,1,1,0,,,,,,,
coding interview,412,15,3,0,0,35.16,0,5.9,humor,software,0,1,0,,,,,,,
compsci freshmen,335,13,3,0,0,0,0,12.98,humor,software,1,1,0,,,,,,,
jr dev life,526,34,2,0,0,48.77,0,6.5,humor,software,1,1,0,,,,,,,
no thanks,11800,391,26,6,19,51.06,0,8.98,humor,software,1,1,0,,,,,,,
ask ta question,336,14,1,0,0,0,0,7.41,humor,software,1,1,0,,,,,,,
jr if know html css,1042,33,1,0,2,0,0,20.34,info,software,0,1,1,,,,,,,
ask professor uchiha,6249,253,15,10,4,49.96,0,7.13,humor,software,1,1,0,,,,,,,
frieza 360 spinner,233,6,0,0,0,0,0,32.34,random,product,0,1,0,,,,,,,
boba shop,271,6,0,0,0,0,0,8.36,random,boba,1,1,0,,,,,,,
dev and pr,1273,20,2,0,0,0,0,7.38,humor,software,1,1,0,,,,,,,
keyboards,630,14,3,1,1,22.99,0,11.86,keyboard,keyboard,1,1,0,,,,,,,
layoffs and inmail,307,6,0,0,0,0,0,7,humor,software,1,1,0,,,,,,,
layoffs and peeking,1388,41,1,0,1,0,0,7.38,humor,software,1,1,0,,,,,,,
need bachelors for analytics,725,13,2,0,0,1.36,0,69.45,info,data analytics,0,1,1,,,,,,,
real world use case machine learning,338,37,2,0,2,0,0,60,info,data analytics,1,1,0,,,,,,,
its a car wash,460,8,1,0,0,0,0,180.18,random,car wash,1,1,0,,,,,,,
fil-am did you know,293,15,2,0,0,0,0,21,info,history,1,1,0,,,,,,,
Ut toot!,294,13,1,0,0,0,0,15.55,humor,fart,1,1,0,,,,,,,
forbidden tootsie roll,728,6,2,0,0,0,0,5,humor,trash,1,1,0,,,,,,,
gore,339,4,1,0,0,1,0,15,humor,thor gore,1,1,0,,,,,,,
kenobi,386,3,2,0,0,0,0,8,random,kenobi,0,1,0,,,,,,,
trashcan video,445,12,0,1,0,20.74,0,10,humor,trashcan,1,1,0,,,,,,,
trashcan voice video,933,14,3,1,0,0,0,9.45,spooky,ghost,1,1,0,,,,,,,
elephant,2261,48,2,1,1,31.35,0,10.17,humor,elephant,1,1,0,,,,,,,
filipino parents joke,440,4,2,0,0,20.99,0,9.82,humor,parenting,1,1,0,,,,,,,
ngrave wallet error,458,7,0,0,0,28.88,0,6.71,random,ngrave,1,1,0,,,,,,,
Duet ibook,337,8,4,0,0,21.37,0,12.16,random,mac,0,1,0,,,,,,,
ad for freerseumescanner,526,25,2,1,5,13.57,0,9.24,ad,app,1,1,0,,,,,,,
miyoo mini unboxing,2641,135,11,5,12,28.2,0,14.77,random,miyoo,0,1,0,,,,,,,
install game miyoo,297,4,1,0,0,8.91,0,9.94,tutorial,miyoo,1,1,0,,,,,,,
pancake reply,101,4,0,0,0,33.33,0,4.55,humor,pancake,0,1,1,,,,,,,
new security engineer,410,14,1,1,0,36.9,0,6.96,humor,cyber security,1,1,0,,,,,,,
she's a 10 dati,396,7,1,0,0,41.18,0,7.15,humor,dati,1,1,0,,,,,,,
stack overflow down,821,17,1,0,0,35.37,0,5.5,humor,software,1,1,0,,,,,,,
mac joke typed,276,12,0,0,0,10.34,0,22.87,humor,mac,0,1,0,68,32,49,40,9,2,
80% IRS,1586,79,0,1,0,49.54,0,6.38,humor,news,0,1,0,53,47,55,39,5,1,
FF7 miyoo mini,274,6,1,0,0,6,0,15.69,random,miyoo,1,1,0,64,36,50,42,7,1,
repost with audio,72,5,1,0,0,13,0,14,humor,jump,0,1,0,,,,,,,
infant covid-19,1385,34,5,1,1,29.99,0,12.44,info,covid-19,1,1,0,56,44,63,30,5,1,1
mac joke they're a10,320,11,0,0,0,23.29,0,20.27,humor,mac,0,1,0,56,44,56,39,4,1,
job hopping police car joke,1660,103,5,0,3,51.07,0,6.27,humor,career,1,1,0,69,31,71,24,3,1,1
don't worry about bug,310,9,0,0,0,17.78,0,8.71,humor,cyber security,1,1,0,67,33,43,46,9,1,1
blocking intern,829,31,1,0,0,37.28,0,5.41,humor,software,0,1,0,61,39,55,33,8,3,1
block sr dev,300,10,1,0,0,15,0,9.61,humor,software,0,1,0,64,36,49,40,9,1,1
donate clothers,401,18,2,0,0,23.67,0,6.27,humor,clothes,0,1,0,48,52,51,36,10,2,1
never regret underdesk treadmill,410,21,3,0,1,16,0,15.35,health,treadmill,0,1,0,60,40,43,46,9,1,1
drop the link,280,9,1,0,1,31.6,0,12,health,treadmill,0,1,0,65,35,29,59,11,1,
get a treadmill,271,13,2,0,0,17,0,12,health,treadmill,0,1,0,53,47,44,42,11,2,1
golang sees stoplang,283,5,0,0,0,17,0,5.13,humor,software,0,1,0,72,28,36,48,14,2,
pythonoff slither,282,11,0,0,0,38.28,0,5,humor,software,0,1,0,55,45,38,50,10,2,
daily treadmill,295,12,0,0,0,17.55,0,11,health,treadmill,0,1,0,57,43,52,37,9,2,
illegal dump,357,22,1,1,0,23.32,0,6,humor,poop,0,1,0,56,44,55,40,4,1,
teams snitch,337,16,0,0,1,31.61,0,6,humor,career,0,1,0,60,40,63,30,4,2,1
retro maximalist,2390,82,9,2,1,42.91,2,5.38,setup,mac,0,1,0,63,37,49,42,7,1,
data wranglers,339,11,2,0,0,27,0,5,humor,data analytics,0,1,0,66,34,32,47,16,4,1
ml when ai,337,3,0,0,1,21,0,8,humor,data analytics,0,1,0,64,36,62,33,4,1,
owasp when ofly,294,3,1,0,0,18,0,7,humor,cyber security,0,1,0,60,40,22,52,21,3,2
take care of treadmill,308,3,0,0,0,30,0,8,tutorial,treadmill,0,1,0,64,36,38,43,15,3,1
asian parents emo damage,294,22,0,0,0,16,0,8.8,humor,parenting,0,1,0,64,36,52,39,7,2,
todays stats treadmill,386,11,0,0,0,20.92,0,10.26,healh,treadmill,0,1,0,56,44,55,37,7,1,
sr dev pushes to main,317,13,0,0,0,36,0,6,humor,software,0,1,0,66,34,59,37,4,,
intern asking more q's,360,13,1,0,0,15,0,9,humor,software,0,1,0,68,32,49,42,8,1,
pager duty push,1116,32,4,0,1,47.99,0,5,humor,software,0,1,0,68,32,58,37,4,1,
its corn soup,267,7,0,0,0,14,0,8,humor,corn,0,1,0,73,27,44,43,10,3,
what screen,352,7,0,0,0,18,0,8,humor,hardware,0,1,0,64,36,51,37,8,3,1
running old os?,290,10,3,0,1,14,1,12.5,humor,software,0,1,1,68,32,54,35,9,2,
job hop trend,1339,44,1,0,2,45.27,2,6.27,humor,career,0,1,0,69,31,58,35,6,1,
filipinos height joke,312,12,0,0,0,22.67,0,5.2,humor,height,0,1,0,60,40,67,27,5,1,
tech lead song,1187,23,0,0,0,37.81,0,6.31,humor,software,0,1,0,68,32,64,31,4,1,
c++ joke,330,7,0,0,0,23.62,0,7.33,humor,software,0,1,0,69,31,54,37,7,2,
 under desk treadmill stats,176,6,0,0,0,25.14,0,8.75,health,treadmill,0,0,0,39,61,24,60,13,2,1
duet i justine,1686,50,0,0,0,66.09,0,5.13,tech,mac,0,0,0,44,56,48,42,9,1,
cyber security underqualified duet,1355,82,2,1,2,56.33,1,6.36,humor,cyber security,0,0,0,67,33,58,35,6,1,
google interview,4013,99,6,0,2,61.26,3,5.25,humor,software,0,0,0,65,35,44,44,10,2,
whats a scam,1623,211,21,1,6,50.96,5,15.18,opinion,software,0,0,0,64,36,27,55,16,2,
maximalist has,280,9,1,0,0,18.97,0,10.77,info,office,0,0,0,70,30,53,40,5,1,1
what is going my page duet,426,17,3,0,0,13,0,17,humor,turtle,0,0,0,60,40,47,40,10,3,
Senior dev spider man,92,1,0,0,0,17,0,7,humor,software,0,0,0,,,,,,,
lgtm senior dev,373,13,3,0,0,37.63,0,6,humor,software,0,0,0,67,33,51,39,8,1,1
heroku free duet,769,20,1,0,1,23.11,0,13,info,software,0,0,0,60,40,37,49,12,2,
language,331,9,0,0,0,34.83,0,5.64,humor,language,0,0,0,47,53,45,45,9,1,
intro tech journey,249,14,2,0,0,3.69,0,43.81,info ,software,1,0,0,67,33,41,48,9,1,1
want a career change,241,11,0,0,2,2.42,0,51,career,software,0,0,1,69,31,49,48,3,0,0
build an app,294,11,4,0,3,8.9,1,17,info,software,1,0,0,67,33,41,46,10,3,
writing tests,369,10,1,1,0,42.11,0,5,humor,software,0,0,0,49,51,46,43,8,2,1
git info,269,16,2,0,1,22.91,1,7.8,info,software,0,0,0,71,29,42,49,7,1,1
uber hacked,765,17,0,0,2,29.69,1,7,info,cyber security,1,0,0,55,45,40,47,10,2,1
when you're wfh,5200,89,0,0,0,63.06,0,7.26,humor,cyber security,0,0,0,,,,,,,
programming languages to learn ,374,10,0,0,0,17.99,0,9.24,humor,software,1,0,0,64,36,65,30,3,1,1
eth holding,350,4,0,0,0,26.89,0,6.2,humor,crypto,0,0,0,52,48,51,41,7,1,
moving companies,1234,21,0,1,0,51.04,0,5.2,humor,software,0,0,0,51,49,53,39,6,1,1
intern squashes commit,3797,63,4,1,7,52.49,2,5.5,humor,software,0,0,0,67,33,51,42,5,1,1
tech break,1996,42,2,0,0,48.96,0,5,humor,software,0,0,0,44,56,46,41,10,3,
cryptography joke,510,10,0,0,0,38.1,0,5,humor,cyber security,0,0,0,51,49,55,34,9,2,
google tips,3264,112,0,0,33,41.69,4,6,info,software,0,0,0,67,33,56,32,10,2,1
when intern reads,4560,156,4,0,2,58.53,2,5.55,humor,software,0,0,0,44,56,59,35,4,1,1
How to use social media,270,6,1,0,2,5.99,0,15,info,software,0,0,0,64,36,36,48,13,3,
Uber hiring cyber security,461,14,1,0,0,31.6,0,5.85,humor,cyber security,0,0,0,61,39,49,39,10,1,1
using vi/vim,371,16,5,0,0,15.99,0,8,humor,software,0,0,0,65,35,47,45,7,1,
asked to shared doc,1934,48,1,0,1,39.46,1,6.04,humor,software,0,0,0,62,38,57,38,3,1,1
interns be like,331,10,0,0,0,43.71,0,5,humor,software,0,0,0,55,45,47,42,9,2,
most used linux cmds,298,7,0,0,0,3.49,1,15,info ,software,0,0,0,67,33,40,51,7,2,
treadmill,101,7,1,0,0,13,0,12,info,treadmill,0,0,1,61,39,45,49,5,1,
didn't invest,267,18,0,0,1,10.95,0,10,humor,finance,0,0,0,65,35,55,40,4,1,
duet persistence,309,4,1,0,0,29.74,0,5,info,learning,0,0,0,56,44,38,50,9,1,2
Life as a cyber security analyst,272,22,3,0,0,18,1,15,humor,cyber security,0,0,0,57,43,49,43,8,,
add docs later ,294,6,1,0,0,30.1,0,6,humor,software,0,0,0,52,48,40,48,11,1,
when intern taps ur shoulder,168,5,0,0,0,38.37,0,6.5,humor,software,0,0,0,60,40,43,48,7,1,1
burnt out overworked tech,147600,108,68,186,108,43.13,0,8.33,humor,software,1,0,0,,,,,,,
non target schools ,33600,2426,138,25,83,50.15,0,6.8,humor,software,1,0,0,,,,,,,
bmw never want full electric cars ,347400,21000,479,290,417,65.88,0,6.57,opinion,software,0,0,0,,,,,,,